Model,Accuracy,F1 Score,Precision,Recall
Model 2 (Bugged),0.3345388788426763,0.3554668460899321,0.38493377507188364,0.3345388788426763
Model 3 (Final),0.9638336347197106,0.9638528512254714,0.9641751793760961,0.9638336347197106
